x,y,z,type,volume,cycle entry,custom:GFP,custom:sample
211.73353092414052,9.137497434123427,0.0,epithelial
4.334356435903991,-96.53739187248992,0.0,epithelial
-226.00022249993938,-171.8708214373479,0.0,epithelial
-83.93778500555965,-73.60690567319949,0.0,epithelial
-218.84860048519462,12.480087482382968,0.0,epithelial
225.3843442912575,-43.43885651681609,0.0,epithelial
40.78054236576526,94.72666337277849,0.0,epithelial
-33.09513384034557,21.48789629812234,0.0,epithelial
-83.6284881034094,50.21447729285358,0.0,epithelial
-29.356569612527917,-211.15384799139713,0.0,epithelial
-119.78731026363384,141.27127625543008,0.0,epithelial
48.42378514298126,-230.59339485553738,0.0,epithelial
-88.68035571563004,143.66727981499972,0.0,epithelial
32.89259132722541,-5.445755186249262,0.0,epithelial
-22.639980860108405,185.6849005484143,0.0,epithelial
-15.727590185444479,232.21913966736665,0.0,epithelial
-56.80873672465775,-97.06272163894955,0.0,epithelial
118.9502198788443,126.3724044274843,0.0,epithelial
-174.90869687320156,216.73335169789684,0.0,epithelial
143.04157942338318,-194.6130703798831,0.0,epithelial
-26.67884003782553,-49.45978892877326,0.0,epithelial
206.34999481563023,47.58411041368535,0.0,epithelial
-125.70344932772412,182.34590901215003,0.0,epithelial
108.00470440698162,129.12284494974517,0.0,epithelial
141.52539855518674,95.97472872968649,0.0,epithelial
19.031515678139044,207.70051936308326,0.0,epithelial
125.43100644136454,224.8121350120286,0.0,epithelial
35.000483882105,-10.346585580313011,0.0,epithelial
141.94135207637427,-75.21831417038233,0.0,epithelial
96.84374672131297,161.6711402214726,0.0,epithelial
-56.41766704842691,139.9479077492991,0.0,epithelial
232.39867833964206,-217.8049198349312,0.0,epithelial
99.28763381750505,-132.2610424888282,0.0,epithelial
-223.4325747402877,-206.90456296549195,0.0,epithelial
-130.27134522187407,-22.948478609731982,0.0,epithelial
-75.88199733916429,18.766724410115536,0.0,epithelial
-126.93924243565252,-84.06085820829517,0.0,epithelial
-188.7183672265653,171.92294109019616,0.0,epithelial
89.70103027721154,15.296616265273094,0.0,epithelial
244.48067208457124,218.95773182287846,0.0,epithelial
-99.17859728050537,-176.86822739249752,0.0,epithelial
41.66970075290685,88.9929962427303,0.0,epithelial
-76.55260145377993,-224.74001412215202,0.0,epithelial
-54.31075445017347,-71.924331913641,0.0,epithelial
1.334894131188591,-92.1737500352465,0.0,epithelial
225.99027574668958,96.44977440293547,0.0,epithelial
234.59970108927362,-102.16419216530903,0.0,epithelial
-173.46746375243617,-24.4759114409043,0.0,epithelial
244.76649967643954,-49.68659754473165,0.0,epithelial
181.93733651573427,233.3143907003725,0.0,epithelial
-188.24547785949875,-235.00082377323815,0.0,epithelial
141.11477024539892,-64.46071353299368,0.0,epithelial
152.54569143753974,50.24760469969705,0.0,epithelial
213.5419538389456,-161.580514592974,0.0,epithelial
-47.82754778670301,-48.626381443806906,0.0,epithelial
-12.031838108435167,106.4145721164805,0.0,epithelial
154.4232361294727,-208.42582038315513,0.0,epithelial
-170.17894607713058,-142.052305273866,0.0,epithelial
-134.50242802740092,-220.4317617772728,0.0,epithelial
57.62916711439828,-54.95750280403505,0.0,epithelial
245.69028191511796,225.64000146482786,0.0,epithelial
-36.399038163549974,87.574158174155,0.0,epithelial
211.43254091848667,-96.26725057515658,0.0,epithelial
-67.05686038600683,10.98329703514636,0.0,epithelial
-95.94724333227627,159.64742528852412,0.0,epithelial
-137.6628610744393,-207.9562489474442,0.0,epithelial
62.04339198568196,46.85110596242517,0.0,epithelial
-97.87921342788358,-22.36137419627593,0.0,epithelial
140.41307436460355,159.58863656143106,0.0,epithelial
-189.05325702711446,-155.85217952966556,0.0,epithelial
-80.57507272703415,49.769509701925536,0.0,epithelial
9.905511607396168,90.02791356057338,0.0,epithelial
115.07372054657446,-104.40148418070162,0.0,epithelial
186.15532194142352,-141.64563549241373,0.0,epithelial
123.43872045684887,-102.20661510241163,0.0,epithelial
247.0649493780319,78.39098925564663,0.0,epithelial
-174.32740754649575,-146.15540457557861,0.0,epithelial
117.35665201944317,-0.9870955709564977,0.0,epithelial
-120.45621551408978,209.41365524273357,0.0,epithelial
-33.577140325706,18.12649782612144,0.0,epithelial
-36.09429501013714,-123.38751574590844,0.0,epithelial
-228.7408130512321,-222.12525735841106,0.0,epithelial
-229.65870883304459,-98.85605142394598,0.0,epithelial
169.96142843547403,46.08640756946303,0.0,epithelial
-45.09840962340361,-92.68696324345288,0.0,epithelial
-134.1435708136854,-97.37321180141755,0.0,epithelial
245.03500817763236,-202.73967295220928,0.0,epithelial
38.32992707464236,-246.6665953999471,0.0,epithelial
84.7964468411114,72.10014239650405,0.0,epithelial
-236.18684068490595,-29.645539586232143,0.0,epithelial
34.62442619913253,239.38332691559907,0.0,epithelial
-184.10742806914993,-232.88627551215635,0.0,epithelial
24.034860615006426,-238.22651087595523,0.0,epithelial
179.05818307070055,-102.56935154583188,0.0,epithelial
5.283452817952977,53.7009552471398,0.0,epithelial
-166.71273340318908,3.2527689582285135,0.0,epithelial
-92.93871777386606,-232.27230783603147,0.0,epithelial
242.01873670103572,-78.78627956917566,0.0,epithelial
-247.56163954334406,154.04869038497952,0.0,epithelial
-237.47528362371344,-149.219988381342,0.0,epithelial
196.52427594979392,-178.30717535405802,0.0,epithelial
-106.13485760684534,104.58139033602806,0.0,epithelial
106.22185139771004,-104.9160175029174,0.0,epithelial
10.084381929968188,-178.13096041478414,0.0,epithelial
-13.161156514343686,-138.30095863435167,0.0,epithelial
-189.3625393474186,-0.759370270720483,0.0,epithelial
154.66745871822934,-189.80424505772723,0.0,epithelial
115.75313795886005,-108.58485709821217,0.0,epithelial
138.99914735413617,187.17314325111354,0.0,epithelial
29.275937275424464,-91.97878942968288,0.0,epithelial
117.34773127167877,65.42476199899471,0.0,epithelial
-44.70396994032988,-241.71085167937537,0.0,epithelial
97.4037373276252,-172.23563875154855,0.0,epithelial
-233.37294138535776,-225.65711809799538,0.0,epithelial
-239.2969062413709,-236.36676912413753,0.0,epithelial
-232.15761570476172,168.22599469271742,0.0,epithelial
128.68751220869953,-51.74216821668476,0.0,epithelial
-125.86761939039923,-36.60705178577606,0.0,epithelial
51.74412773956169,226.63372651665753,0.0,epithelial
-164.6915658331723,-54.47246414869311,0.0,epithelial
90.12040168397634,20.982654674985056,0.0,epithelial
242.29903794397416,51.31110415392806,0.0,epithelial
-185.3790402783911,-194.97446658524285,0.0,epithelial
35.75220653739197,-141.4137979465576,0.0,epithelial
210.35484160050407,-230.22920024970458,0.0,epithelial
-88.47579669796407,-77.81724380621569,0.0,epithelial
-28.029211499914165,116.40730347692221,0.0,epithelial
-30.674074910801043,150.06474446104684,0.0,epithelial
-248.01831706105415,66.81647402871293,0.0,epithelial
165.91973466648392,112.74410123478177,0.0,epithelial
-110.44733695991532,118.06874895837302,0.0,epithelial
20.274667590347935,-13.383846527471071,0.0,epithelial
200.29405669919606,159.9853258217729,0.0,epithelial
-20.550037692371433,1.127399506589133,0.0,epithelial
-8.216178098084587,-172.65628180924284,0.0,epithelial
-157.05714977935364,222.61976433352854,0.0,epithelial
210.60608573054466,58.624065376107175,0.0,epithelial
132.95082950208595,189.12366456224498,0.0,epithelial
-101.12876663244286,30.27509869661768,0.0,epithelial
-41.73185872408891,48.85699373056978,0.0,epithelial
172.2705149122659,63.85470062610016,0.0,epithelial
-132.3301855681658,96.63487996272984,0.0,epithelial
244.0772108906986,203.6547082703502,0.0,epithelial
88.13478168330327,-3.536922503775186,0.0,epithelial
-130.70449725248406,47.13181396176844,0.0,epithelial
11.770693152174216,-108.0490510203987,0.0,epithelial
-235.68821182318644,-5.02498555754255,0.0,epithelial
-154.41200346678974,-96.95167070692085,0.0,epithelial
14.387549734790838,-39.5415088375875,0.0,epithelial
179.2960105716773,180.31673177884662,0.0,epithelial
-9.028169876865832,-194.47517767123364,0.0,epithelial
-116.30993364784534,10.216180995272051,0.0,epithelial
-164.25116717529033,165.69287740651865,0.0,epithelial
178.18554742090896,-189.78133200419902,0.0,epithelial
223.72130366608067,-165.41430962885843,0.0,epithelial
244.6290788825317,-62.77964063808175,0.0,epithelial
-78.36505315689607,-125.77612160474122,0.0,epithelial
-74.39701201845403,-157.0651203722586,0.0,epithelial
-199.76245389068154,-184.8311629451989,0.0,epithelial
-134.55663438584105,49.178718745243266,0.0,epithelial
-202.28274745727228,158.8497680963862,0.0,epithelial
94.7980271562657,114.5193882184225,0.0,epithelial
-92.9469540988981,175.30538807608463,0.0,epithelial
180.41665534258476,-164.058390167399,0.0,epithelial
44.69989146004971,-231.534056540162,0.0,epithelial
74.33289487956246,-240.23721838199214,0.0,epithelial
-216.97891441655204,223.67549900883557,0.0,epithelial
124.47745467001847,-101.5641173605519,0.0,epithelial
-71.59708485089139,159.72150885193827,0.0,epithelial
78.4990752154598,115.46875135600598,0.0,epithelial
6.930371980825939,-204.78192247402188,0.0,epithelial
52.45388182271665,-7.857641195367526,0.0,epithelial
144.50450783965536,143.9939058314037,0.0,epithelial
-194.62839465180014,-52.05870100267276,0.0,epithelial
212.32636458255317,-167.7475039274772,0.0,epithelial
225.4583725497679,-231.59406487210396,0.0,epithelial
162.11246760284925,-104.0521478325156,0.0,epithelial
153.33950684033385,-108.071362766508,0.0,epithelial
-208.38851035811265,44.4040070362143,0.0,epithelial
-150.60743426626703,107.3446280817213,0.0,epithelial
-55.42469079000939,125.85093788895588,0.0,epithelial
220.6211225867382,49.48548906059791,0.0,epithelial
100.65461077598198,-226.1042062718577,0.0,epithelial
42.3401837057204,92.42889300878481,0.0,epithelial
41.099256387619214,142.23499672517207,0.0,epithelial
83.56606274801051,-87.53673011071744,0.0,epithelial
183.5157366984493,162.46826001545145,0.0,epithelial
-192.4957712959863,-14.943927718045341,0.0,epithelial
9.943480264872518,-81.99132344842234,0.0,epithelial
171.47554803949708,76.35981448691109,0.0,epithelial
-50.133681949618094,9.476963359894619,0.0,epithelial
-106.88501386670532,-127.8546333434665,0.0,epithelial
118.02413234134798,89.65890486404405,0.0,epithelial
204.21337706409292,33.27692399703805,0.0,epithelial
187.49457691579335,-80.8005587746928,0.0,epithelial
192.62267207050422,-192.12204475846514,0.0,epithelial
-39.18980572386801,96.0703745778988,0.0,epithelial
-109.07499802957074,108.08045105863425,0.0,epithelial
-40.572691105735025,86.23878084973045,0.0,epithelial
-130.8385069231761,-31.080822108153466,0.0,epithelial
227.28000157017297,123.47082710948062,0.0,epithelial
107.98736775966749,-173.3971933443632,0.0,epithelial
-149.97796113547426,232.4156626506086,0.0,epithelial
159.5427893704556,-245.99184985028978,0.0,epithelial
226.9915445619524,105.8650522908572,0.0,epithelial
-192.5141683196398,96.75119949923224,0.0,epithelial
92.93321008126976,-194.22808579039827,0.0,epithelial
-224.86738337362897,47.61492135762954,0.0,epithelial
190.78396229249446,-49.490640531225566,0.0,epithelial
14.276276281757399,-141.77489761389774,0.0,epithelial
-56.86660965278503,186.05177209032846,0.0,epithelial
-15.454706883861801,-118.49805529091931,0.0,epithelial
-23.780121532325477,186.047034095194,0.0,epithelial
-27.660482210587535,-180.42915942576943,0.0,epithelial
-71.48490996926945,64.8941309822324,0.0,epithelial
16.629113632481733,-173.09838312639084,0.0,epithelial
34.844542279322575,243.40008934219946,0.0,epithelial
-68.36304719560263,-193.50604850226887,0.0,epithelial
55.38065003496362,-47.31662190673119,0.0,epithelial
121.77779611470379,-18.881382686427333,0.0,epithelial
-22.619739863599637,-21.219709250739683,0.0,epithelial
-248.56113616817,-161.8827609706251,0.0,epithelial
176.88140164400284,193.04726456565004,0.0,epithelial
-30.59842734664417,-9.767658416577063,0.0,epithelial
-174.0501526133888,-46.0295878245793,0.0,epithelial
-58.95596741835254,94.55859338777256,0.0,epithelial
173.03377870669777,217.24221521016457,0.0,epithelial
-16.520803988903737,45.83639480692875,0.0,epithelial
50.616531786802256,-55.69358695664178,0.0,epithelial
-232.70828199456238,-50.447249889853744,0.0,epithelial
-8.618649386897909,29.65490292709966,0.0,epithelial
-237.3061432223045,-239.83259131404927,0.0,epithelial
-145.62452640088262,-38.33324340571523,0.0,epithelial
-187.33072567367512,-72.1565917763658,0.0,epithelial
-239.83709047405065,-71.46578903215794,0.0,epithelial
-61.331831615717455,235.09383960032147,0.0,epithelial
135.996967141555,54.71508458244806,0.0,epithelial
150.59047868556743,-63.931633928758444,0.0,epithelial
30.6367192409151,-221.48157578979217,0.0,epithelial
120.25529078434108,-128.98018445670309,0.0,epithelial
-136.36789921793368,144.84202222674597,0.0,epithelial
212.80309929930917,-222.73373266389518,0.0,epithelial
98.71331604293931,14.324269930958671,0.0,epithelial
-25.92719675899119,-168.4344940598486,0.0,epithelial
130.76338104461027,-211.79006322306918,0.0,epithelial
-31.84198713007347,213.82668898044835,0.0,epithelial
1.0357304028086045,147.0855077077865,0.0,epithelial
162.6660249465,34.00485730958302,0.0,epithelial
-193.71825595914856,124.3320280987068,0.0,epithelial
-25.706469531225046,225.38459283080795,0.0,epithelial
-135.526536739478,58.85137976216437,0.0,epithelial
-128.15373133255304,76.4621923270154,0.0,epithelial
49.9933278871473,-231.9603357510207,0.0,epithelial
-244.24419509022974,-234.1944712195877,0.0,epithelial
61.23892670817682,-54.76523968161853,0.0,epithelial
-68.70536662596335,-225.81673384837404,0.0,epithelial
164.01004998457915,-179.15352654413016,0.0,epithelial
-122.01964159089856,-84.7652987821414,0.0,epithelial
-94.95130988451247,-121.19087186738037,0.0,epithelial
-180.40856198895852,-74.82072829792321,0.0,epithelial
223.89964359142058,-27.772540671469947,0.0,epithelial
-166.02676432409746,-125.63968134247605,0.0,epithelial
-16.333228416628682,131.5931575086045,0.0,epithelial
129.04456848528167,-152.88897175980912,0.0,epithelial
91.29592784872173,-37.890748034914324,0.0,epithelial
207.7345131306686,234.04265484632987,0.0,epithelial
204.57343424920805,-137.9760855590075,0.0,epithelial
-131.5544850394084,-81.99104373977245,0.0,epithelial
180.4765176604629,245.25845945750058,0.0,epithelial
157.2267207079446,235.06320955114077,0.0,epithelial
83.25736647478723,-207.51914195195744,0.0,epithelial
203.00927852530188,226.47137709660618,0.0,epithelial
-247.2608901978856,-238.00225716857307,0.0,epithelial
159.32561260303694,-79.79872007826827,0.0,epithelial
-161.20047984670398,-121.72889576043963,0.0,epithelial
11.801885480207691,131.99816068479174,0.0,epithelial
-11.011288404492031,18.63239266436814,0.0,epithelial
167.82293776905394,200.67514275386537,0.0,epithelial
-5.820775951982299,-113.09925569865653,0.0,epithelial
-24.63021982618374,216.3798452931868,0.0,epithelial
146.89209695951425,223.88439327043582,0.0,epithelial
243.98408340944277,42.98843397759436,0.0,epithelial
-162.83786179427491,197.54597800048427,0.0,epithelial
-2.951802663705483,-200.89824214851262,0.0,epithelial
-171.1510011385772,-205.28267488387854,0.0,epithelial
-196.1812204806877,60.21589616909925,0.0,epithelial
-169.06619114461165,-31.702227359996975,0.0,epithelial
-237.8736277595233,-59.950437406601885,0.0,epithelial
-180.20170392686083,-174.51443995316356,0.0,epithelial
84.29929172283038,-37.71270508087815,0.0,epithelial
-246.19037838054953,-226.45988224897474,0.0,epithelial
-162.09621050171546,-136.82923564646546,0.0,epithelial
86.46781175400767,2.003871597206164,0.0,epithelial
-175.01690684551872,-224.1164806760255,0.0,epithelial
-61.81865213461582,15.606276169542188,0.0,epithelial
88.22067099006122,-100.48654232435533,0.0,epithelial
-173.92553067083836,-100.4969002047682,0.0,epithelial
99.64440557684154,-61.70001207826026,0.0,epithelial
173.74454821939693,123.97478149461158,0.0,epithelial
11.52896624620639,72.70011226810244,0.0,epithelial
184.2169927982166,-186.08905601136752,0.0,epithelial
85.87977110044348,15.262897905616523,0.0,epithelial
-156.01486184485057,242.4662274089903,0.0,epithelial
-25.429227074485027,-129.2320310418025,0.0,epithelial
-88.63814712693468,-172.1992365856265,0.0,epithelial
89.95886001598572,-18.810267014563536,0.0,epithelial
-79.75399707267525,8.367612309934492,0.0,epithelial
191.69496506860386,65.46536983412155,0.0,epithelial
-119.4599157996085,34.653715120019775,0.0,epithelial
-55.175468767714456,-48.39179527270176,0.0,epithelial
44.363484283476225,-102.48635255610155,0.0,epithelial
122.36216558699859,-170.20217886677918,0.0,epithelial
126.06564054477757,-76.85891314102741,0.0,epithelial
112.34677233864961,203.61472218193492,0.0,epithelial
172.9069148385163,-238.6572268410704,0.0,epithelial
22.934149999192883,135.94251527243168,0.0,epithelial
184.05008321255417,-16.724312665920003,0.0,epithelial
62.84520161848836,39.143399794468955,0.0,epithelial
145.87171808862564,-223.593726735008,0.0,epithelial
57.782676316909146,-24.45834469198957,0.0,epithelial
192.6103316335947,-3.61614679067096,0.0,epithelial
65.40406140770247,-240.95628612926686,0.0,epithelial
236.68953198282153,127.02620645608611,0.0,epithelial
46.5972482133303,207.58316905666817,0.0,epithelial
162.28912650484503,-131.67967863393952,0.0,epithelial
-90.68101231193604,56.25091885204353,0.0,epithelial
206.1376681571365,201.25829121144943,0.0,epithelial
-139.1859392441402,215.06214535442433,0.0,epithelial
42.427338650590066,104.04497495566767,0.0,epithelial
-185.90953449745112,108.38849428022992,0.0,epithelial
-57.11226649522499,-60.04844906195489,0.0,epithelial
194.6834377736406,191.47830600133142,0.0,epithelial
5.289752047026641,-66.10050480033888,0.0,epithelial
-76.95596356968525,-113.69723118110481,0.0,epithelial
203.5652854459494,-12.828516605495388,0.0,epithelial
154.34569490763116,-122.68777931684744,0.0,epithelial
-82.06643962865334,-243.03352697218932,0.0,epithelial
-138.58289106986558,-92.02550027809389,0.0,epithelial
47.41805918819364,-189.7695507315636,0.0,epithelial
92.80998179320612,73.92254042526459,0.0,epithelial
38.15956589903524,-1.2911044609602573,0.0,epithelial
52.96956505461317,-194.96005881344774,0.0,epithelial
-108.38426931039743,72.07476385797992,0.0,epithelial
-149.09339486018132,-207.69949845043723,0.0,epithelial
62.49373281471107,172.07413660403301,0.0,epithelial
-224.11524440023578,-231.62133664913853,0.0,epithelial
23.137365999456733,124.18882876708103,0.0,epithelial
123.43510884589732,159.49864440552957,0.0,epithelial
55.52794995760055,119.0690632400023,0.0,epithelial
-241.81507125309636,133.82209503379306,0.0,epithelial
-185.28740235690975,-35.265751206790235,0.0,epithelial
7.24904947641572,-131.62869923289875,0.0,epithelial
-45.7918536072508,34.33884175281826,0.0,epithelial
-159.49938779306905,112.48617616434561,0.0,epithelial
-84.32634784228904,23.06242849983653,0.0,epithelial
0.2027699037390751,-224.29509859596865,0.0,epithelial
-95.27608217746192,-128.5437148885292,0.0,epithelial
-23.56863869593695,229.52575903379457,0.0,epithelial
75.26494533669751,140.63390658021936,0.0,epithelial
-176.32369847476812,-97.29161983074775,0.0,epithelial
30.3308013229662,-232.31946658905161,0.0,epithelial
-91.63103409721657,100.39713718927112,0.0,epithelial
24.31676366438057,-156.76072530999335,0.0,epithelial
102.32790006836132,-91.2236990078775,0.0,epithelial
-168.417306456593,-117.17314831373102,0.0,epithelial
77.4993028929826,-213.30504275089893,0.0,epithelial
-105.71346643644961,146.63063162229932,0.0,epithelial
-214.4729728990947,-50.835994301210995,0.0,epithelial
191.9192440283241,217.19570568836747,0.0,epithelial
26.319967181815535,34.8622972975349,0.0,epithelial
-95.3345816026861,-120.50890152456073,0.0,epithelial
121.82081603050709,208.86568683220852,0.0,epithelial
-62.398510368188276,-201.18657666312333,0.0,epithelial
-176.40526420372447,-24.398837187795756,0.0,epithelial
229.0100209468809,-138.1698564672832,0.0,epithelial
-235.5978998551528,48.4585626439836,0.0,epithelial
-29.34162938534371,-115.88084977883662,0.0,epithelial
47.625009180044394,-167.8387299680073,0.0,epithelial
-143.38371251024364,121.51542326951176,0.0,epithelial
-230.95049026431712,10.018422638902402,0.0,epithelial
-237.76371279147867,-38.18077954889312,0.0,epithelial
-91.23361465710778,-73.73519821755445,0.0,epithelial
-211.77083253214212,-43.67460167753978,0.0,epithelial
-216.1223051058861,60.40622591823658,0.0,epithelial
248.57166789314516,132.2624920036044,0.0,epithelial
188.33275748483746,-69.22038975169347,0.0,epithelial
198.860673245367,197.6082737131123,0.0,epithelial
234.58290871145365,186.47322895766055,0.0,epithelial
-187.7625665671038,240.83020701509946,0.0,epithelial
117.045624907063,-136.83632245752494,0.0,epithelial
35.48731917904638,-53.0635321077087,0.0,epithelial
113.49505943842661,-20.994230538270013,0.0,epithelial
-249.94044458353414,-129.47463272667085,0.0,epithelial
-176.36803617738659,-98.04193482875922,0.0,epithelial
-182.90498230446394,126.49186081517935,0.0,epithelial
17.131767752529196,-169.8957977152229,0.0,epithelial
-5.295830591013489,134.0389316502179,0.0,epithelial
92.23045774560102,238.3235496151045,0.0,epithelial
-171.71106611389956,-165.2932600112237,0.0,epithelial
74.3736796103092,80.6550926289741,0.0,epithelial
72.27399088772627,-15.962063542598742,0.0,epithelial
-61.31809130004906,-44.106799723913795,0.0,epithelial
-2.421416146698191,-176.94876815299054,0.0,epithelial
-180.8240436822242,25.491652971909335,0.0,epithelial
-88.54949320879487,218.0986548464757,0.0,epithelial
64.54122151616473,-224.06824302202156,0.0,epithelial
163.14427531803923,231.50961131594246,0.0,epithelial
-74.84731143015122,-225.77353056102064,0.0,epithelial
-71.43171592271061,95.22397520056549,0.0,epithelial
233.29269397142315,77.49357776268548,0.0,epithelial
-233.07914594189205,47.08706868668805,0.0,epithelial
26.844638416563704,-168.7551206431687,0.0,epithelial
-194.52087804100142,122.93682141047543,0.0,epithelial
201.0890818974002,-232.505011837819,0.0,epithelial
-248.5055109427875,81.78993363346143,0.0,epithelial
-77.7668095235096,-92.73123474156175,0.0,epithelial
114.33834080301095,-6.368914550818755,0.0,epithelial
173.35057670448828,21.10329551524262,0.0,epithelial
181.4457870761824,-68.03436181035677,0.0,epithelial
54.85848980051281,123.1789792824318,0.0,epithelial
39.160447657932664,-209.33596224135405,0.0,epithelial
-44.490915075859895,-222.31177468868933,0.0,epithelial
28.926102234181794,-185.19302013781402,0.0,epithelial
24.880470790368815,-190.07365871309827,0.0,epithelial
-78.24191300843825,-140.46296308218234,0.0,epithelial
49.9990553303396,239.21974046543804,0.0,epithelial
30.849221536073834,-120.26241885969971,0.0,epithelial
-93.36021996315056,68.82216266496796,0.0,epithelial
94.97960423860499,249.7040612175575,0.0,epithelial
-18.796625998085513,-25.095499318015495,0.0,epithelial
180.0534480236361,149.10408300713829,0.0,epithelial
124.58920561140933,-157.8419975937105,0.0,epithelial
-141.21438058488448,74.75440349783158,0.0,epithelial
128.99726326797625,-8.649763541489413,0.0,epithelial
-123.92972830521303,127.91053624062182,0.0,epithelial
-208.9032068827636,202.60751426162994,0.0,epithelial
85.06976699898352,123.13808702457754,0.0,epithelial
-66.46518633970747,-179.6766331822164,0.0,epithelial
-153.30740926442712,244.1176535708951,0.0,epithelial
-157.80135192755608,-231.38891732111534,0.0,epithelial
83.08447524550324,-212.0870386555844,0.0,epithelial
-225.62895504270196,10.563150103028107,0.0,epithelial
99.23770225623562,93.90001180602798,0.0,epithelial
3.1686498364618396,237.12071914414497,0.0,epithelial
79.83193405637742,-19.697570812633654,0.0,epithelial
-185.28838618012256,63.42881960093546,0.0,epithelial
21.72358649927697,-133.02170961854938,0.0,epithelial
-124.85738304356187,-167.80171200426307,0.0,epithelial
226.0088486524733,102.19347230246018,0.0,epithelial
-204.57193678890962,-238.4762632919089,0.0,epithelial
-177.17930364169214,-243.08620333322563,0.0,epithelial
171.37510678559318,28.310163044762554,0.0,epithelial
124.65657828212251,-51.67035409402709,0.0,epithelial
154.91106239489662,-125.19012010266975,0.0,epithelial
-229.09653852442162,-0.463616373282294,0.0,epithelial
40.95958342432093,158.16332244596805,0.0,epithelial
-201.6612914641731,241.12894494064304,0.0,epithelial
26.041671239780488,-180.86031317706326,0.0,epithelial
-208.22206691304947,87.74351023580051,0.0,epithelial
194.41993009073246,149.21588807291872,0.0,epithelial
188.69553105467918,-28.860145070926574,0.0,epithelial
113.39747232965225,124.51496732825446,0.0,epithelial
19.569852645464515,83.1477180172639,0.0,epithelial
-217.19177524708672,203.56073933853125,0.0,epithelial
-2.3259825300207537,60.13153128667745,0.0,epithelial
-5.06672860962662,84.14263637214792,0.0,epithelial
-119.21056073813943,110.66932733771098,0.0,epithelial
-198.88807384837756,-132.08197308766455,0.0,epithelial
184.56434493233678,146.09777520067422,0.0,epithelial
-97.5864690651829,-156.91217607120439,0.0,epithelial
-214.02077103471333,116.85617298019008,0.0,epithelial
132.9211755064715,-247.1870707945545,0.0,epithelial
184.29805515960393,-82.49580430665438,0.0,epithelial
87.86625421512956,-39.49596828707536,0.0,epithelial
211.57985062486628,-6.2771398660242115,0.0,epithelial
-86.07366957234106,-84.10175846171367,0.0,epithelial
122.49067197544397,-12.560107117846886,0.0,epithelial
206.7837291770645,222.53765574303318,0.0,epithelial
-134.2187329317059,32.74382409872775,0.0,epithelial
61.975390330744176,231.67918533778666,0.0,epithelial
-138.29098244704969,45.124728351407434,0.0,epithelial
210.8149079050929,-128.29455016673438,0.0,epithelial
-244.13388898612533,32.90746667195651,0.0,epithelial
3.744965100937719,219.09318993877832,0.0,epithelial
85.77584963306903,150.74901251161842,0.0,epithelial
90.23257090766515,246.86367241107803,0.0,epithelial
-57.58972441425589,-36.70342577555982,0.0,epithelial
49.0280209702797,40.25757423549356,0.0,epithelial
57.48895423782036,103.0239919792039,0.0,epithelial
-143.2637356690759,-176.9408647848395,0.0,epithelial
-37.57151139869524,-207.42113045983362,0.0,epithelial
234.71513395806767,233.52610421294597,0.0,epithelial
-239.16115273562434,55.58259051375991,0.0,epithelial
99.8025697928348,56.92411212984186,0.0,epithelial
-171.97590004508004,84.56413294835696,0.0,epithelial
-239.60652932759248,176.97829975644896,0.0,epithelial
-241.19398184661213,-220.166783655347,0.0,epithelial
206.70781718797735,147.5025201279342,0.0,epithelial
76.18244853657019,-50.606675070142046,0.0,epithelial
138.573762014884,-249.072019275673,0.0,epithelial
-4.587568759877369,-89.73101278632537,0.0,epithelial
108.90073138644307,-191.56858533728226,0.0,epithelial
-223.0249322656634,122.6738863518751,0.0,epithelial
-69.62940395553119,-160.87044559422773,0.0,epithelial
-211.87662418687043,9.731492802611513,0.0,epithelial
-134.19726324798717,-223.32146722401964,0.0,epithelial
-234.90829777730164,22.18103306140287,0.0,epithelial
-141.7759137044748,-243.3215726652758,0.0,epithelial
198.80339082532933,84.94038259452918,0.0,epithelial
67.02518657584753,184.24857931152462,0.0,epithelial
-12.126017930888771,170.1914787856133,0.0,epithelial
236.25623254176543,-98.53601459230363,0.0,epithelial
-28.286113553432717,-80.84362507975007,0.0,epithelial
227.20010871575047,7.846336228289175,0.0,epithelial
91.17693755440004,59.852080745106505,0.0,epithelial
-153.7690232609373,-210.29763169168388,0.0,epithelial
-190.19415084952112,207.30769443774517,0.0,epithelial
26.843405290069956,2.5622764353501193,0.0,epithelial
24.45674759070893,-53.73064774267916,0.0,epithelial
120.36041762714359,-199.77087684463703,0.0,epithelial
-28.32488640235159,-37.65803805883117,0.0,epithelial
-141.3598957172431,12.006415495405653,0.0,epithelial
203.79596310423963,43.70958451764809,0.0,epithelial
-37.78396186292454,-189.60210274204493,0.0,epithelial
115.91432620038167,104.27713009891474,0.0,epithelial
131.19195368435962,-93.91518884686681,0.0,epithelial
-21.967179089192907,-124.94621789795188,0.0,epithelial
222.84224630056084,-232.45599152844375,0.0,epithelial
-101.05664091438,-36.10027549143702,0.0,epithelial
75.96860450756735,-50.27216554453634,0.0,epithelial
-236.99878890903656,2.675168509332498,0.0,epithelial
216.97742372337504,112.7083803824821,0.0,epithelial
177.38555043033986,140.3696853443114,0.0,epithelial
135.12439472051952,-156.2207305928967,0.0,epithelial
95.54187510846954,31.155048480916935,0.0,epithelial
-2.920716661545697,-11.479190036229825,0.0,epithelial
-89.15427871195028,9.447893805303503,0.0,epithelial
-83.46857599772257,-120.86003373739126,0.0,epithelial
-120.62266491648927,209.88436822414175,0.0,epithelial
203.4088775940352,164.25258340855737,0.0,epithelial
-39.12931228167485,249.301823375604,0.0,epithelial
-85.89085239594097,-130.420877190369,0.0,epithelial
-184.04677122236444,-124.49840113769889,0.0,epithelial
142.59487587647433,125.47113958407233,0.0,epithelial
-135.71619373725957,65.28437256257428,0.0,epithelial
179.23626882451143,129.56474581665455,0.0,epithelial
122.56074766188138,129.2383052174516,0.0,epithelial
59.49155016685123,118.99102566870651,0.0,epithelial
-93.67714439037466,-198.56171852910782,0.0,epithelial
104.05615924197551,-223.3076828339549,0.0,epithelial
116.42370742517397,-89.10425598391383,0.0,epithelial
-154.37392932997034,43.802551033690875,0.0,epithelial
65.46471213973274,-177.43762993593316,0.0,epithelial
-70.31945268206941,-164.08515359952443,0.0,epithelial
145.23638926617727,29.673525619049567,0.0,epithelial
133.68729687501835,22.054898256987087,0.0,epithelial
-65.863334972977,151.21130235397496,0.0,epithelial
-69.03860542212986,67.19116322720092,0.0,epithelial
237.2435924642054,-169.95060144812564,0.0,epithelial
-232.99218121182653,-225.46757791247384,0.0,epithelial
46.62833633037783,147.01557624737418,0.0,epithelial
-131.9054698927501,156.87808434489344,0.0,epithelial
138.6217846279154,-73.8072234545517,0.0,epithelial
224.06756284267308,46.454296105532336,0.0,epithelial
-170.27432646597654,-194.17860305590747,0.0,epithelial
-118.30906821557416,-225.85758442643402,0.0,epithelial
-186.91126527030494,138.65012123999858,0.0,epithelial
-162.13640048583204,247.8115801052712,0.0,epithelial
-78.92430052180974,123.8994217497551,0.0,epithelial
-220.16534645424673,-247.9953932190568,0.0,epithelial
-95.03417184933951,-108.0848883528393,0.0,epithelial
-86.17560563989721,119.8975506220635,0.0,epithelial
-178.88758807890153,-134.19799635476727,0.0,epithelial
245.67290993078103,172.9737654068784,0.0,epithelial
30.5113307292956,16.361166625289915,0.0,epithelial
-74.04194789210445,-59.64037530994381,0.0,epithelial
-108.16950370680634,-227.77550691213582,0.0,epithelial
-104.51541074832379,-195.1570762248063,0.0,epithelial
-201.967903010092,139.55579772311012,0.0,epithelial
-45.729090407719944,-172.5982293439344,0.0,epithelial
172.64605983087628,-146.80276563925824,0.0,epithelial
-219.09331675859374,130.9667419987145,0.0,epithelial
-186.60854022386349,-51.484459150093365,0.0,epithelial
74.69234469931665,-22.863556377696547,0.0,epithelial
14.215400111191434,-155.0510672865561,0.0,epithelial
-74.1980197216088,-33.63742909284276,0.0,epithelial
161.71250610260213,3.467806038292359,0.0,epithelial
-205.33723767496525,-103.46188101320693,0.0,epithelial
-35.67091780687887,-185.33730942969424,0.0,epithelial
-168.2423837412376,-239.37274915113372,0.0,epithelial
-242.32554973552172,96.152889874705,0.0,epithelial
-10.733154792626959,-87.14077497439254,0.0,epithelial
69.42083246378725,168.00404553258122,0.0,epithelial
31.878636706093754,-81.65742120147068,0.0,epithelial
214.48175632069763,-95.99479252915589,0.0,epithelial
58.32856083084476,17.913444110437965,0.0,epithelial
79.88578853369779,248.26751209838878,0.0,epithelial
-205.68579741576764,-185.4974431291575,0.0,epithelial
-225.7441577280393,41.31239418898242,0.0,epithelial
-209.18256925347893,-198.59083402713927,0.0,epithelial
184.4139584873929,228.58709121620763,0.0,epithelial
196.76463099524497,235.04195743495808,0.0,epithelial
-74.22470936317104,181.69922013664046,0.0,epithelial
-36.76597834451134,159.55838763091458,0.0,epithelial
-184.5110380047788,157.3198122538814,0.0,epithelial
-66.0828289828392,-233.16466054470325,0.0,epithelial
-130.47445480231423,138.21392282580712,0.0,epithelial
177.77062060368723,-35.61734556045454,0.0,epithelial
-215.21312528855026,-224.51700286269266,0.0,epithelial
-57.3318439071446,-100.03214356159476,0.0,epithelial
-100.89674669284656,-138.29563110656736,0.0,epithelial
-166.37247390820434,46.0157984023582,0.0,epithelial
32.4193381986363,4.029263167079828,0.0,epithelial
-65.78171604554674,-52.4074727727985,0.0,epithelial
-126.23105829545759,214.69367928140667,0.0,epithelial
138.47397129549552,106.65984312523547,0.0,epithelial
-26.562752330901386,-94.02686522289869,0.0,epithelial
188.20672946939197,177.75441536340415,0.0,epithelial
217.6293981562556,72.89190738424048,0.0,epithelial
-108.53243390777692,59.599857116129776,0.0,epithelial
115.06965926122447,-35.335016935282596,0.0,epithelial
10.810335331935871,223.41641051145734,0.0,epithelial
106.74427751090201,-40.327858294439714,0.0,epithelial
186.50677354495468,115.80864095459978,0.0,epithelial
-134.99800692994535,-14.883596288209539,0.0,epithelial
60.73934532244879,69.92807912360594,0.0,epithelial
112.6528819072673,-148.05477392222218,0.0,epithelial
-240.1684177853921,197.60375991097166,0.0,epithelial
41.7439809713159,-36.817051725303614,0.0,epithelial
129.63787642263136,42.97742222706541,0.0,epithelial
98.99866535592642,-177.07451046692097,0.0,epithelial
229.85297200427428,-245.09252529449586,0.0,epithelial
-96.8847428018193,58.02021694134532,0.0,epithelial
101.56906115001607,8.261892512872377,0.0,epithelial
87.58556747908014,-70.56389111089447,0.0,epithelial
-114.2867698546409,-90.03233818543401,0.0,epithelial
123.67375636574549,-194.96667882285635,0.0,epithelial
191.1096032146062,-33.05862209492266,0.0,epithelial
-144.8613460609615,145.95386622022377,0.0,epithelial
194.76878977502605,-16.72219400669228,0.0,epithelial
-222.14831116320926,-213.60506710051314,0.0,epithelial
-175.13339021847122,-36.00026457759742,0.0,epithelial
-182.00539201203563,-208.73776653177103,0.0,epithelial
100.21739331632726,-37.44498277172559,0.0,epithelial
-118.67883099320566,146.00247068914686,0.0,epithelial
143.66533718540674,21.46288063441615,0.0,epithelial
-2.540512454092758,43.91740991067755,0.0,epithelial
229.1702022464055,-86.76747273077459,0.0,epithelial
-178.62895061149644,80.04302777134886,0.0,epithelial
-116.18544733009006,205.29185758479474,0.0,epithelial
-238.05781706375365,18.363339415888998,0.0,epithelial
38.2228244212956,187.06778044005324,0.0,epithelial
-28.91077767190878,-213.13402956625762,0.0,epithelial
-210.3193032167027,-107.01161782808293,0.0,epithelial
16.86080831804551,177.66372831974948,0.0,epithelial
42.59269236214769,157.8453563827772,0.0,epithelial
17.783072741876655,-145.00672976007962,0.0,epithelial
-158.80463937126882,-163.41728398872166,0.0,epithelial
122.75911662626982,-108.49714196061011,0.0,epithelial
138.1114808892418,173.20713075017588,0.0,epithelial
245.7001206862928,-8.17004446965583,0.0,epithelial
11.419918955362402,10.62479641452968,0.0,epithelial
-150.07320366574814,53.10797995508834,0.0,epithelial
-134.04455515350827,127.75751055104998,0.0,epithelial
-78.54944301798997,-27.861845460244396,0.0,epithelial
-77.13167055491188,-238.58219624747454,0.0,epithelial
50.00003255599886,236.88137728973,0.0,epithelial
-135.69980744018238,-61.68112651605756,0.0,epithelial
-206.33435941058693,-229.65552031608655,0.0,epithelial
-189.77149885218608,180.38809549355082,0.0,epithelial
-18.306408676594998,-123.99418870064108,0.0,epithelial
201.58603788255922,76.50284239422417,0.0,epithelial
-218.86014789579832,-160.817560315122,0.0,epithelial
71.7162584880996,41.85742963264249,0.0,epithelial
-218.78495481657748,14.20347202620112,0.0,epithelial
-123.47082350684033,6.778054421986895,0.0,epithelial
226.64251432596473,-201.42441163295615,0.0,epithelial
-90.26470709402449,239.19762080327084,0.0,epithelial
120.935428657305,102.53041538960458,0.0,epithelial
109.95741851694058,-56.191810203725126,0.0,epithelial
125.11047876558007,15.567588660089783,0.0,epithelial
-147.88465145680289,249.31628151647615,0.0,epithelial
107.80410437718949,163.42762836009808,0.0,epithelial
174.1799173753385,-37.497731826903525,0.0,epithelial
99.25063072873417,-107.83240387659562,0.0,epithelial
248.12632250658385,-219.38456279912083,0.0,epithelial
240.9302217577738,-92.61057621778596,0.0,epithelial
-230.95516193009283,-70.41396164550018,0.0,epithelial
37.51365578588262,-93.65057707326733,0.0,epithelial
38.49265911260244,19.24467938865762,0.0,epithelial
-89.59163577602871,-183.45127066226607,0.0,epithelial
54.27090477097551,-196.11850635682185,0.0,epithelial
160.98319222994897,-245.00192808676232,0.0,epithelial
161.29428522283348,-131.74254955503332,0.0,epithelial
64.28210487289121,-105.78057964172524,0.0,epithelial
-46.67774171162356,160.6558976555524,0.0,epithelial
-153.10961489971342,135.60526189896592,0.0,epithelial
26.862544648964757,231.91117221437156,0.0,epithelial
62.921950541882545,108.57286468938285,0.0,epithelial
-90.49311336277997,-40.01136839422248,0.0,epithelial
184.9377175756963,74.10419559821955,0.0,epithelial
-163.59334763160214,163.2199249082544,0.0,epithelial
-182.51272080050157,-43.16733999170477,0.0,epithelial
2.3301899369630172,-42.15419345771795,0.0,epithelial
-26.58730503364662,-206.53960882995176,0.0,epithelial
100.29357583188389,43.7254128440124,0.0,epithelial
-122.27128408926843,168.99417725288674,0.0,epithelial
164.48069214786128,226.3647847188287,0.0,epithelial
26.836937142094786,47.280941536603116,0.0,epithelial
84.44725802587455,-99.70581869449477,0.0,epithelial
-238.8601460701336,202.9534069240085,0.0,epithelial
174.48918374895905,66.70712412358895,0.0,epithelial
126.93292457567418,-145.54489069976486,0.0,epithelial
73.32299445050843,-157.55495089327067,0.0,epithelial
86.97433740223471,-126.92262951416828,0.0,epithelial
-171.8368139911627,-86.37965810575062,0.0,epithelial
-64.21484454630033,-78.64565908972706,0.0,epithelial
-58.0283642540981,-235.66883789757244,0.0,epithelial
-236.76719148956968,64.86924193778198,0.0,epithelial
21.63211600236717,49.50787663559517,0.0,epithelial
-61.900612151901655,165.9756306978549,0.0,epithelial
227.0139385410627,-89.72862682131247,0.0,epithelial
-232.40964063596664,172.9209268479099,0.0,epithelial
38.41740547104863,-15.285163963292575,0.0,epithelial
-197.42382067722906,-58.35893077299198,0.0,epithelial
-218.82803005876016,-2.468565537044526,0.0,epithelial
-4.680932112077485,11.490943812825227,0.0,epithelial
239.03741779187757,249.7468134426148,0.0,epithelial
131.04584690270912,-22.432061006371267,0.0,epithelial
-216.3529546610748,-17.41255272409162,0.0,epithelial
-77.71956757592177,146.01569053445044,0.0,epithelial
166.9881604754058,-203.21758927185533,0.0,epithelial
-20.04851176354136,-248.96956964123655,0.0,epithelial
-2.897133570248289,114.76765659829921,0.0,epithelial
237.03001326987425,197.51289627090844,0.0,epithelial
-135.86994218162388,-97.48750383028973,0.0,epithelial
72.90160014304759,-162.96934220769265,0.0,epithelial
148.10603429959906,60.09312814747286,0.0,epithelial
-91.31031684819158,-53.055106988035924,0.0,epithelial
127.01040334993971,-73.16960877245491,0.0,epithelial
-76.06354451792335,-152.7955532438349,0.0,epithelial
-224.56361551321342,-77.09990460722871,0.0,epithelial
-173.67552123891852,-144.1889704653612,0.0,epithelial
-125.76363030708306,39.55123725147508,0.0,epithelial
205.55742722406362,197.59625260983265,0.0,epithelial
-240.01325427360638,-47.65914751469466,0.0,epithelial
-183.01476475925688,150.75146134829157,0.0,epithelial
125.95609598460092,-71.08180796759028,0.0,epithelial
223.0565940105008,-146.04924213601012,0.0,epithelial
-242.48626160607958,-148.51087110483465,0.0,epithelial
-14.963745522933614,-187.82073544694708,0.0,epithelial
-97.06501019468952,-228.56205020031067,0.0,epithelial
201.68632708651253,0.1082147530556965,0.0,epithelial
11.934766003028008,245.8093102834957,0.0,epithelial
51.47204200657854,14.314717266579125,0.0,epithelial
198.14490495967007,-75.14190445101235,0.0,epithelial
-144.655166438503,142.04615587861073,0.0,epithelial
218.08078748149958,-45.51896059649446,0.0,epithelial
162.29200138667602,-0.8631641816269908,0.0,epithelial
235.69266902140902,232.31377416981505,0.0,epithelial
237.73391092135125,-137.71847610121299,0.0,epithelial
57.69274242738123,-171.10621231756355,0.0,epithelial
142.3073370018164,-141.9332957074361,0.0,epithelial
-151.23052826563693,9.618171284446142,0.0,epithelial
211.1533120159575,113.55473735689145,0.0,epithelial
1.5691575626101406,-0.5255076435725925,0.0,epithelial
-169.98349217146446,-138.22371534312524,0.0,epithelial
210.05513579962297,82.7241120216569,0.0,epithelial
207.98396724415028,-148.2923334166546,0.0,epithelial
238.06087004612726,-88.25764204402928,0.0,epithelial
-246.46313111300898,153.81378428435673,0.0,epithelial
48.57638915527354,25.57627672535792,0.0,epithelial
149.42676566783607,131.5793148900889,0.0,epithelial
66.31014963216789,-16.811863843251395,0.0,epithelial
-84.29289092586228,-211.04373965816038,0.0,epithelial
229.0662107727471,172.17170452606146,0.0,epithelial
-119.09823728873556,-125.55413874692547,0.0,epithelial
117.52738091726414,184.4622359862973,0.0,epithelial
-175.30489113566227,-147.47113113806338,0.0,epithelial
160.48420456778055,-4.477882561005036,0.0,epithelial
-76.77324896597293,98.34622776543031,0.0,epithelial
-150.24871595974471,71.8070687638768,0.0,epithelial
30.778992797870803,-141.54560873451814,0.0,epithelial
37.04608735527981,205.66896499676042,0.0,epithelial
-195.01354928875904,45.23466611347149,0.0,epithelial
-241.24526412053066,245.67328982562427,0.0,epithelial
-160.39143475493256,-204.3309463370249,0.0,epithelial
-228.1839528001805,168.1103332592599,0.0,epithelial
-229.76196889331993,103.76308994101738,0.0,epithelial
-233.91875672495354,-56.31903746018024,0.0,epithelial
-212.53437621801427,102.03617845346405,0.0,epithelial
168.5042001394164,141.87247457861292,0.0,epithelial
1.9926650639663923,-201.51144074012385,0.0,epithelial
89.95476048886125,-141.35511689545365,0.0,epithelial
213.76425281461863,16.375493688497972,0.0,epithelial
-230.5277102531858,-124.97666158363162,0.0,epithelial
128.817189118737,165.28735125967353,0.0,epithelial
-198.2813048387007,213.0543905767356,0.0,epithelial
-134.5969545018953,116.69708192808368,0.0,epithelial
167.5965530649989,-97.39591395055821,0.0,epithelial
220.9048915997566,93.09339188967442,0.0,epithelial
-4.102983169988833,112.96438992606659,0.0,epithelial
153.84431384381196,167.37981768896938,0.0,epithelial
4.217015653057709,49.17915854324276,0.0,epithelial
201.69375884906808,-9.33293782792885,0.0,epithelial
86.80225933554523,29.984035017945747,0.0,epithelial
48.67322145254402,-122.35399284554246,0.0,epithelial
63.824965474984175,-91.3503767160533,0.0,epithelial
-53.10000390378764,235.3053035184697,0.0,epithelial
70.11108884279373,-156.10310662573013,0.0,epithelial
-73.31835362551611,-140.67702983821923,0.0,epithelial
28.736065156658164,17.924687915176374,0.0,epithelial
-90.12507807682383,-168.95189163776575,0.0,epithelial
-148.30749210193562,55.0630291833748,0.0,epithelial
149.27477418752295,139.33035605924633,0.0,epithelial
-235.29963138145754,-185.96903900804244,0.0,epithelial
-101.72859078587898,208.43990853162776,0.0,epithelial
161.77688112593464,171.8226929954506,0.0,epithelial
52.17592745274735,154.0093949689958,0.0,epithelial
91.61288741832962,70.72855622456694,0.0,epithelial
-188.14980196605336,50.73717793851906,0.0,epithelial
-248.20782847662096,207.87797202233517,0.0,epithelial
-193.52727217695357,173.51012647254194,0.0,epithelial
192.66400307834968,-216.61012387285052,0.0,epithelial
107.90068886914395,35.73919454819047,0.0,epithelial
-232.520145690016,81.19121523511639,0.0,epithelial
-57.66986938546345,-177.1683564854104,0.0,epithelial
-96.08526223099412,-180.5140642223722,0.0,epithelial
-248.00822516743295,82.96368751803132,0.0,epithelial
178.6495241909265,227.64230237014098,0.0,epithelial
217.7682847498586,-210.24503456792704,0.0,epithelial
243.66766248283741,242.28170951481832,0.0,epithelial
-85.03628034362556,129.03366077346166,0.0,epithelial
130.12901523279834,104.24457364136322,0.0,epithelial
-224.11329403873987,-19.31257830796293,0.0,epithelial
-80.39546390009366,-37.24362674881051,0.0,epithelial
-91.50080286646688,169.86656373993677,0.0,epithelial
23.70474125719585,60.32222545603286,0.0,epithelial
-52.00725220978661,102.41010846817066,0.0,epithelial
-212.81477944483765,96.00491222783589,0.0,epithelial
-27.791653115332938,-15.84692173008831,0.0,epithelial
-131.99622900607756,13.728647316126857,0.0,epithelial
-9.93619132345036,246.07205453927352,0.0,epithelial
-236.81779117791018,25.303859411439173,0.0,epithelial
59.46763942419056,-109.37943615751958,0.0,epithelial
242.79394380936725,112.33114386584556,0.0,epithelial
-219.79471863055625,-167.94633322628235,0.0,epithelial
181.31845793386103,218.25695560327608,0.0,epithelial
237.24223879066025,-183.66403022152,0.0,epithelial
241.73832735657095,-138.54948357684245,0.0,epithelial
-129.25134307373247,110.10819267544717,0.0,epithelial
168.7774257902155,-86.37739016357467,0.0,epithelial
191.12396863273642,-230.2438221309054,0.0,epithelial
99.0880691429954,-21.188741497521452,0.0,epithelial
101.23848291518087,138.12587577259166,0.0,epithelial
-11.029298003377901,125.42276821511375,0.0,epithelial
-77.6291744808477,-103.46184167434771,0.0,epithelial
-169.08729414559727,-219.13531663918653,0.0,epithelial
235.56834458640134,112.906366542223,0.0,epithelial
-37.21889906741485,122.0440566289596,0.0,epithelial
189.53740950327926,174.43726522998955,0.0,epithelial
188.24434131744763,124.40297752987453,0.0,epithelial
-178.7326256924948,34.693971945757156,0.0,epithelial
-114.56571047195635,-0.6376729679553328,0.0,epithelial
-4.083349528625546,-83.37769586086732,0.0,epithelial
-128.31898502044305,113.53751109937093,0.0,epithelial
199.94331603746988,209.68177392452284,0.0,epithelial
43.436280280716026,82.05517671394766,0.0,epithelial
194.2482354058592,146.92868836290305,0.0,epithelial
175.47896656697878,110.96586753581924,0.0,epithelial
127.47721083549105,230.89494653905098,0.0,epithelial
19.490012650293153,-33.505479841729134,0.0,epithelial
-41.88724551919088,178.8898405622249,0.0,epithelial
-186.0410924646887,-119.77344119255073,0.0,epithelial
-195.4785460879564,-171.04581886123708,0.0,epithelial
189.95665450811276,146.41156183054514,0.0,epithelial
-121.51740116094018,-236.84498248074658,0.0,epithelial
-43.41667229834556,6.288184991484008,0.0,epithelial
-74.80391380663987,-192.87869762767247,0.0,epithelial
-86.15102397810148,210.57820812789447,0.0,epithelial
-131.32394267627004,-248.0742819805915,0.0,epithelial
56.63116788283981,-174.60571831947593,0.0,epithelial
-8.171668679254756,162.08717570763676,0.0,epithelial
115.44671341688473,232.05306882989774,0.0,epithelial
-85.71020735517035,-241.8395586900142,0.0,epithelial
92.31835590815507,216.31487828940809,0.0,epithelial
22.8786813274543,-235.79576304652585,0.0,epithelial
-72.5611235680969,20.3343310142427,0.0,epithelial
-20.91234204946649,209.48723204904047,0.0,epithelial
-23.9208165340547,20.34774909170567,0.0,epithelial
-186.91908458355132,135.6798945587784,0.0,epithelial
-244.02922012522566,212.3520451688808,0.0,epithelial
91.54704693881968,-165.45544217585623,0.0,epithelial
72.60539920173301,-27.347598016485676,0.0,epithelial
-218.61222266542657,231.07449846080803,0.0,epithelial
-0.8900296913989525,-39.95831606479355,0.0,epithelial
-57.87962422873097,-210.94596418225004,0.0,epithelial
97.61181005004812,48.82390612113691,0.0,epithelial
174.27302642282078,138.12618055838075,0.0,epithelial
-236.8038402699342,-11.647805545047907,0.0,epithelial
-23.22471372715601,193.11692932114573,0.0,epithelial
15.864464523608957,-144.66019731771627,0.0,epithelial
-161.3688905840487,57.67048517332127,0.0,epithelial
78.97931981880363,177.24391256401682,0.0,epithelial
-231.32966660512852,20.643044325280886,0.0,epithelial
-134.4697297900464,-159.2124115412599,0.0,epithelial
104.09284990691872,-127.12785321755233,0.0,epithelial
-110.89117050659436,157.5062077043944,0.0,epithelial
204.45749629507534,183.0862086623054,0.0,epithelial
-120.99694029884664,47.406986126582225,0.0,epithelial
97.7744591900121,-81.73462143746788,0.0,epithelial
249.95459099693613,128.20686511845244,0.0,epithelial
145.94436276710383,234.52738131214946,0.0,epithelial
193.35408775842703,-134.329370199978,0.0,epithelial
-214.76755147978324,-31.25530952350264,0.0,epithelial
-14.758562611732751,-101.17061241701322,0.0,epithelial
60.93005875316951,-74.12931481385884,0.0,epithelial
169.37188484539865,-187.03330563608347,0.0,epithelial
-126.01542799550741,51.79736736082482,0.0,epithelial
-81.60206655492682,26.996695360976346,0.0,epithelial
63.33045869071011,208.02113209326458,0.0,epithelial
156.4989228688509,-211.48278142152404,0.0,epithelial
119.20427055975024,-226.58525809286135,0.0,epithelial
229.48922972813853,245.3297569742921,0.0,epithelial
-160.40750465287817,99.4415096812318,0.0,epithelial
-219.423049039871,196.43128117511492,0.0,epithelial
-142.55883401838088,-197.24051313222594,0.0,epithelial
-126.32055588955124,141.3226302399367,0.0,epithelial
-61.70293931093876,20.07149965128796,0.0,epithelial
76.99603042845959,105.7452456629047,0.0,epithelial
242.45209319132454,17.127232266411497,0.0,epithelial
-89.81494809669691,-94.43316933831439,0.0,epithelial
4.696951479372463,223.27694242699525,0.0,epithelial
-73.11519089153518,162.11712150062323,0.0,epithelial
-213.0581236710179,-168.5746255983589,0.0,epithelial
-62.759144193559045,-165.1592611030136,0.0,epithelial
75.212018399984,227.85654855342415,0.0,epithelial
-78.46495699759323,-162.11862928998377,0.0,epithelial
-57.755513434350256,-181.1805223472322,0.0,epithelial
-90.04297097810118,126.48799905698496,0.0,epithelial
248.86947222311352,135.47613977429532,0.0,epithelial
213.55677812664175,192.6218719871131,0.0,epithelial
-119.67281060165008,230.30502716849782,0.0,epithelial
-22.855377533671646,91.48697714442223,0.0,epithelial
220.69734472002557,-227.98946107005526,0.0,epithelial
174.1189145340538,40.90734624569045,0.0,epithelial
-33.99991924746512,243.49501903945242,0.0,epithelial
-16.57819685117251,-16.620449675826237,0.0,epithelial
-227.92883738887693,-129.34946209368672,0.0,epithelial
-190.42843168352258,123.31976313842364,0.0,epithelial
93.71150721573477,77.57618317097925,0.0,epithelial
29.401765791241846,-70.68067190024655,0.0,epithelial
-123.06549994858196,6.078711098407435,0.0,epithelial
-112.90849288914947,113.77595160371662,0.0,epithelial
173.75044026619415,237.5678883054075,0.0,epithelial
-190.48972177726566,160.8528499607773,0.0,epithelial
14.058048917584859,148.72523492127925,0.0,epithelial
70.70183699472801,226.44104199885635,0.0,epithelial
65.58647030779338,66.77709975903574,0.0,epithelial
26.54461062974517,192.42628095392166,0.0,epithelial
196.21252487301314,-50.444658183903925,0.0,epithelial
127.86302373910102,-249.92553325581233,0.0,epithelial
-197.54001673058522,209.74680385870337,0.0,epithelial
195.92078792993735,207.70106355620317,0.0,epithelial
142.10447823992254,-245.70759286174226,0.0,epithelial
-67.17443052649006,91.30946230846007,0.0,epithelial
139.01329812154836,-27.835519727202357,0.0,epithelial
39.902900862119864,7.6385141578399205,0.0,epithelial
-206.0898804531794,62.27796171991059,0.0,epithelial
-78.80889925532742,94.80064086466052,0.0,epithelial
-207.93663644812136,212.30477428908685,0.0,epithelial
-133.89793643477265,186.1200805232067,0.0,epithelial
216.46278767310764,-244.19097167437477,0.0,epithelial
-236.74630712871655,137.87870066777904,0.0,epithelial
-120.00232190357399,-158.35724889589292,0.0,epithelial
-109.39797558670209,-31.573198924606665,0.0,epithelial
-51.645057113879986,-138.91673432413978,0.0,epithelial
85.53922393994704,81.76281434356555,0.0,epithelial
142.09356259464772,153.55367993895032,0.0,epithelial
75.94003383998965,-178.47580787841306,0.0,epithelial
3.9600354820990558,117.05800883671499,0.0,epithelial
139.89153449203215,197.92595852057968,0.0,epithelial
18.06971088636697,35.96205810513964,0.0,epithelial
-249.4066667315222,32.72687422813805,0.0,epithelial
-103.1221102326901,-128.22254492609417,0.0,epithelial
113.33492701279704,174.84759134688778,0.0,epithelial
69.4412533068258,-19.875409803595034,0.0,epithelial
-230.5661942014077,-208.29863366105002,0.0,epithelial
19.045899124217865,-222.75075418627756,0.0,epithelial
-64.99694370074884,-95.69567782137831,0.0,epithelial
95.83596580458133,157.3009826553925,0.0,epithelial
-230.97702884593377,-16.65606355193247,0.0,epithelial
-67.14608489682102,-197.5983530080416,0.0,epithelial
236.1805730344721,-114.42544491712758,0.0,epithelial
-84.59064615439796,44.224819298700616,0.0,epithelial
-42.57201925852533,-110.43411066822004,0.0,epithelial
-116.50627318850259,-173.76329696803361,0.0,epithelial
-94.37731522944142,-16.433072823231115,0.0,epithelial
76.78197256194983,105.42700577862574,0.0,epithelial
-211.00209789495685,108.01870291686483,0.0,epithelial
-63.49187071764331,42.487553322475335,0.0,macrophage
216.0962323926678,228.02420564958896,0.0,macrophage
214.42793517883624,234.14413122332135,0.0,macrophage
142.78643934197268,97.87537704418602,0.0,macrophage
105.62921881391321,-236.34205013313291,0.0,macrophage
208.87915400996198,-173.13372788280154,0.0,macrophage
67.99990946345538,-249.3461881116621,0.0,macrophage
-126.74430104821299,-26.145175684830463,0.0,macrophage
234.48554833621634,156.50770173956738,0.0,macrophage
123.59963283121766,76.52965384708396,0.0,macrophage
156.85731155920345,196.8089611268843,0.0,macrophage
56.0323002510556,223.37907160105246,0.0,macrophage
-34.695792320290266,249.7528267003721,0.0,macrophage
133.99276487812824,-213.3520584587223,0.0,macrophage
-75.50110098728376,-136.02086778186765,0.0,macrophage
217.87078516106587,68.95647623878543,0.0,macrophage
-13.706374229563917,60.68411217117664,0.0,macrophage
51.74577614028597,16.344055741668917,0.0,macrophage
10.674845653926734,-4.502430705112914,0.0,macrophage
120.53690999374884,-24.431602351440958,0.0,macrophage
-237.89603538004806,-19.83328905896756,0.0,macrophage
153.13126064141986,-14.967521832450203,0.0,macrophage
-40.690166724344195,5.5764621807684325,0.0,macrophage
40.736145639768125,-103.84485281669711,0.0,macrophage
-79.92067101002246,-35.85274359953855,0.0,macrophage
-53.464543347977845,-30.047165828840622,0.0,macrophage
125.56905813546865,-174.67995765706695,0.0,macrophage
47.65957435765633,-199.91625401514332,0.0,macrophage
-60.02253376598568,110.91964791285456,0.0,macrophage
-48.75858165806016,119.58204511355119,0.0,macrophage
-29.688037687801593,-110.4248387860759,0.0,macrophage
68.98900770655177,-43.20409340112025,0.0,macrophage
-227.69980605183474,-137.68385250035865,0.0,macrophage
-178.375365007285,185.09305746688784,0.0,macrophage
1.1039495645300546,155.91777332089035,0.0,macrophage
-28.12366003001815,172.47040317963607,0.0,macrophage
-83.23940041046832,179.8979215105373,0.0,macrophage
-47.03452052247997,-239.93226091995524,0.0,macrophage
158.30803413432872,11.814718297272847,0.0,macrophage
55.33234416916691,180.68758382775357,0.0,macrophage
111.37809840219215,-156.1317966812542,0.0,macrophage
-32.62378172699684,80.40472435840785,0.0,macrophage
237.13448910632164,-153.80774365592953,0.0,macrophage
155.8811554154679,-76.9434621392322,0.0,macrophage
146.57276746523254,-168.45288429497361,0.0,macrophage
141.10704507737503,111.59858113788404,0.0,macrophage
193.29132693414996,64.69367764382578,0.0,macrophage
-64.67629116651804,138.61229489669512,0.0,macrophage
72.62737700887995,-219.5958987519761,0.0,macrophage
146.18748124238854,93.02577882709662,0.0,macrophage
-175.36269106322817,71.49463460755673,0.0,macrophage
145.61831589490623,-105.33669484665856,0.0,macrophage
229.99518502526547,150.78984793743453,0.0,macrophage
205.5649274380421,243.12075449394845,0.0,macrophage
78.15661254032439,-107.77059843786893,0.0,macrophage
225.54227572077534,-246.5715166661467,0.0,macrophage
222.28216036056253,-61.284808249411014,0.0,macrophage
-193.5554389291573,178.99783299483119,0.0,macrophage
165.18680210036536,47.949197935023115,0.0,macrophage
-174.24797159610566,-40.291619382456126,0.0,macrophage
139.84623597426187,24.838996841982762,0.0,macrophage
-87.7400732394423,73.22170766823504,0.0,macrophage
-85.2686083253582,-52.375662878002075,0.0,macrophage
-118.40446448046593,-38.54757167607989,0.0,macrophage
-125.25624009189299,-232.93073570438892,0.0,macrophage
-108.35040544534927,43.942175824946275,0.0,macrophage
-5.631579279721355,-221.64706105974923,0.0,macrophage
109.62421498235945,156.27081556676836,0.0,macrophage
132.63806190458564,99.84834113033911,0.0,macrophage
-97.47463407458251,-139.51145973646868,0.0,macrophage
-227.14538893276,-149.18672759147415,0.0,macrophage
222.62576822318388,-214.9453777126806,0.0,macrophage
-62.504565461696856,-65.66784863771008,0.0,macrophage
-238.44372769106442,-76.69372877418972,0.0,macrophage
-167.5254932578026,78.87549822676331,0.0,macrophage
39.85903633729357,122.50011260484722,0.0,macrophage
126.26746274514103,-178.0305599364988,0.0,macrophage
35.483300840489925,-10.56413344556506,0.0,macrophage
-43.369957600599115,165.37297782162338,0.0,macrophage
-222.52535728588697,4.502694829193077,0.0,macrophage
-38.01587013095156,66.60646022555477,0.0,macrophage
-199.16747835323778,-125.01550142864882,0.0,macrophage
59.66279565715723,-235.02236367346902,0.0,macrophage
63.74455622328198,135.20552227623398,0.0,macrophage
-22.594812919875473,-105.0260283132918,0.0,macrophage
-57.773654060775506,-176.16831180966312,0.0,macrophage
-31.788486863152414,195.01476099325617,0.0,macrophage
-190.73649031964135,-60.70960168976058,0.0,macrophage
-196.27046482890964,-19.839819066092918,0.0,macrophage
-115.01699886191786,-102.38647557830954,0.0,macrophage
-159.46223556709822,171.14423373711793,0.0,macrophage
-202.06800695757963,54.511067652041504,0.0,macrophage
-41.16214960449857,-62.81081582459283,0.0,macrophage
-92.08471496992068,-80.62471699311452,0.0,macrophage
177.4268860092861,-171.92142777661732,0.0,macrophage
74.41070945192588,188.44911504169062,0.0,macrophage
75.65940143238662,235.20052271981328,0.0,macrophage
64.28136938137507,211.4681765598132,0.0,macrophage
-49.76420259696507,27.738206778534476,0.0,macrophage
144.15836507674382,-35.66146521736307,0.0,macrophage
