<PhysiCell_settings version="devel-version">
	<domain>
		<x_min>-750</x_min>
		<x_max>750</x_max>
		<y_min>-750</y_min>
		<y_max>750</y_max>
		<z_min>-10</z_min>
		<z_max>10</z_max>
		<dx>20</dx>
		<dy>20</dy>
		<dz>20</dz>
		<use_2D>true</use_2D>
	</domain>
	
	<overall>
		<max_time units="min">14400</max_time> 
		<time_units>min</time_units>
		<space_units>micron</space_units>
	
		<dt_diffusion units="min">0.01</dt_diffusion>
		<dt_mechanics units="min">0.1</dt_mechanics>
		<dt_phenotype units="min">6</dt_phenotype>	
	</overall>
	
	<parallel>
		<omp_num_threads>8</omp_num_threads>
	</parallel> 
	
	<save>
		<folder>output</folder>  

		<full_data>
			<interval units="min">60</interval>
			<enable>true</enable>
		</full_data>
		
		<SVG>
			<interval units="min">60</interval>
			<enable>true</enable>
		</SVG>
		
		<legacy_data>
			<enable>false</enable>
		</legacy_data>
	</save>
	
	<options>
		<legacy_random_points_on_sphere_in_divide>false</legacy_random_points_on_sphere_in_divide>
        <virtual_wall_at_domain_edge>true</virtual_wall_at_domain_edge>
	</options>	

	<microenvironment_setup>
		<variable name="oxygen" units="mmHg" ID="0">
			<physical_parameter_set>
				<diffusion_coefficient units="micron^2/min">100000.000000</diffusion_coefficient>
				<decay_rate units="1/min">.1</decay_rate>  
			</physical_parameter_set>
			<initial_condition units="mmHg">38.0</initial_condition>
			<Dirichlet_boundary_condition units="mmHg" enabled="true">38.0</Dirichlet_boundary_condition>
		</variable>
	
		<variable name="chemoattractant" units="dimensionless" ID="1">
			<physical_parameter_set>
				<diffusion_coefficient units="micron^2/min">1000</diffusion_coefficient>
				<decay_rate units="1/min">.1</decay_rate>  
			</physical_parameter_set>
			<initial_condition units="dimensionless">0</initial_condition>
			<Dirichlet_boundary_condition units="dimensionless" enabled="false">0</Dirichlet_boundary_condition>
		</variable>
		
		<variable name="therapeutic" units="dimensionless" ID="2">
			<physical_parameter_set>
				<diffusion_coefficient units="micron^2/min">1000</diffusion_coefficient>
				<decay_rate units="1/min">.15625</decay_rate>  
			</physical_parameter_set>
			<initial_condition units="dimensionless">0</initial_condition>
			<Dirichlet_boundary_condition units="dimensionless" enabled="false">0</Dirichlet_boundary_condition>
		</variable>
	
		<options>
			<calculate_gradients>true</calculate_gradients>
			<track_internalized_substrates_in_each_agent>false</track_internalized_substrates_in_each_agent>
			 
			<initial_condition type="matlab" enabled="false">
				<filename>./config/initial.mat</filename>
			</initial_condition>
			 
			<dirichlet_nodes type="matlab" enabled="false">
				<filename>./config/dirichlet.mat</filename>
			</dirichlet_nodes>
		</options>
	</microenvironment_setup>	
	
	<cell_definitions>
		<cell_definition name="cancer cell" ID="0">
			<phenotype>
				<cycle code="5" name="live">  
					<phase_transition_rates units="1/min"> 
						<rate start_index="0" end_index="0" fixed_duration="false">0.000072</rate>
					</phase_transition_rates>
				</cycle>
				
				<death>  
					<model code="100" name="apoptosis"> 
						<death_rate units="1/min">5.31667e-05</death_rate>
						
						
						<phase_durations units="min">
							<duration index="0" fixed_duration="true">516</duration>
						</phase_durations>
						<parameters>
							<unlysed_fluid_change_rate units="1/min">0.05</unlysed_fluid_change_rate>
							<lysed_fluid_change_rate units="1/min">0</lysed_fluid_change_rate>
							<cytoplasmic_biomass_change_rate units="1/min">1.66667e-02</cytoplasmic_biomass_change_rate>
							<nuclear_biomass_change_rate units="1/min">5.83333e-03</nuclear_biomass_change_rate>
							<calcification_rate units="1/min">0</calcification_rate>
							<relative_rupture_volume units="dimensionless">2.0</relative_rupture_volume>
						</parameters>
					</model> 

					<model code="101" name="necrosis">
						<death_rate units="1/min">0.0</death_rate>
						
						 
						
						<phase_durations units="min">
							<duration index="0" fixed_duration="true">0</duration>
							<duration index="1" fixed_duration="true">86400</duration>
						</phase_durations>
						
						<parameters>
							<unlysed_fluid_change_rate units="1/min">0.05</unlysed_fluid_change_rate>
							<lysed_fluid_change_rate units="1/min">0</lysed_fluid_change_rate>
							<cytoplasmic_biomass_change_rate units="1/min">1.66667e-02</cytoplasmic_biomass_change_rate>
							<nuclear_biomass_change_rate units="1/min">5.83333e-03</nuclear_biomass_change_rate>
							<calcification_rate units="1/min">0</calcification_rate>
							<relative_rupture_volume units="dimensionless">2.0</relative_rupture_volume>
						</parameters>
					</model> 
				</death>					

				<volume>  
					<total units="micron^3">2494</total>
					<fluid_fraction units="dimensionless">0.75</fluid_fraction>
					<nuclear units="micron^3">540</nuclear>
					
					<fluid_change_rate units="1/min">0.05</fluid_change_rate>
					<cytoplasmic_biomass_change_rate units="1/min">0.0045</cytoplasmic_biomass_change_rate>
					<nuclear_biomass_change_rate units="1/min">0.0055</nuclear_biomass_change_rate>
					
					<calcified_fraction units="dimensionless">0</calcified_fraction>
					<calcification_rate units="1/min">0</calcification_rate>
					
					<relative_rupture_volume units="dimensionless">2.0</relative_rupture_volume>
				</volume> 				
				
				<mechanics> 
					<cell_cell_adhesion_strength units="micron/min">0.4</cell_cell_adhesion_strength>
					<cell_cell_repulsion_strength units="micron/min">10.0</cell_cell_repulsion_strength>
					<relative_maximum_adhesion_distance units="dimensionless">1.25</relative_maximum_adhesion_distance>
					
					<options>
						<set_relative_equilibrium_distance enabled="false" units="dimensionless">1.8</set_relative_equilibrium_distance>
						<set_absolute_equilibrium_distance enabled="false" units="micron">15.12</set_absolute_equilibrium_distance>
					</options>
				</mechanics>
				
				<motility>  
					<speed units="micron/min">1</speed>
					<persistence_time units="min">1</persistence_time>
					<migration_bias units="dimensionless">.5</migration_bias>
					
					<options>
						<enabled>false</enabled>
						<use_2D>true</use_2D>
						<chemotaxis>
							<enabled>false</enabled>
							<substrate>oxygen</substrate>
							<direction>1</direction>
						</chemotaxis>
					</options>
				</motility>
				
				<secretion>
					<substrate name="oxygen">
						<secretion_rate units="1/min">0</secretion_rate>
						<secretion_target units="substrate density">38</secretion_target>
						<uptake_rate units="1/min">10</uptake_rate>
						<net_export_rate units="total substrate/min">0</net_export_rate> 
					</substrate> 
					
					<substrate name="chemoattractant">
						<secretion_rate units="1/min">0</secretion_rate>
						<secretion_target units="substrate density">1</secretion_target>
						<uptake_rate units="1/min">0</uptake_rate>
						<net_export_rate units="total substrate/min">0</net_export_rate> 
					</substrate> 

					<substrate name="therapeutic">
						<secretion_rate units="1/min">0</secretion_rate>
						<secretion_target units="substrate density">1</secretion_target>
						<uptake_rate units="1/min">0</uptake_rate>
						<net_export_rate units="total substrate/min">0</net_export_rate> 
					</substrate> 
				</secretion>

				<molecular />
			</phenotype>
			<custom_data>  
				<receptor units="dimensionless">0.0</receptor>
				<cargo_release_o2_threshold units="mmHg">10</cargo_release_o2_threshold>
				<damage_rate units="1/min">0.03333</damage_rate>
				<repair_rate units="1/min">0.004167</repair_rate>
				<drug_death_rate units="1/min">0.004167</drug_death_rate>
				<damage units="dimensionless">0.0</damage> 
			</custom_data>
		</cell_definition>
		
		<cell_definition name="cargo cell" ID="1" visible="true">
			<phenotype>
				<cycle code="5" name="live">  
					<phase_transition_rates units="1/min"> 
						<rate start_index="0" end_index="0" fixed_duration="false">0.0</rate>
					</phase_transition_rates>
				</cycle>
				
				<death>  
					<model code="100" name="apoptosis"> 
						<death_rate units="1/min">4.065e-5</death_rate>
						<phase_durations units="min">
							<duration index="0" fixed_duration="true">516</duration>
						</phase_durations>
						<parameters>
							<unlysed_fluid_change_rate units="1/min">0.05</unlysed_fluid_change_rate>
							<lysed_fluid_change_rate units="1/min">0</lysed_fluid_change_rate>
							<cytoplasmic_biomass_change_rate units="1/min">1.66667e-02</cytoplasmic_biomass_change_rate>
							<nuclear_biomass_change_rate units="1/min">5.83333e-03</nuclear_biomass_change_rate>
							<calcification_rate units="1/min">0</calcification_rate>
							<relative_rupture_volume units="dimensionless">2.0</relative_rupture_volume>
						</parameters>
					</model> 

					<model code="101" name="necrosis">
						<death_rate units="1/min">0.0</death_rate>
						
						 
						
						<phase_durations units="min">
							<duration index="0" fixed_duration="true">0</duration>
							<duration index="1" fixed_duration="true">86400</duration>
						</phase_durations>
						
						<parameters>
							<unlysed_fluid_change_rate units="1/min">0.05</unlysed_fluid_change_rate>
							<lysed_fluid_change_rate units="1/min">0</lysed_fluid_change_rate>
							<cytoplasmic_biomass_change_rate units="1/min">1.66667e-02</cytoplasmic_biomass_change_rate>
							<nuclear_biomass_change_rate units="1/min">5.83333e-03</nuclear_biomass_change_rate>
							<calcification_rate units="1/min">0</calcification_rate>
							<relative_rupture_volume units="dimensionless">2.0</relative_rupture_volume>
						</parameters>
					</model> 
				</death>					

				<volume>  
					<total units="micron^3">2494</total>
					<fluid_fraction units="dimensionless">0.75</fluid_fraction>
					<nuclear units="micron^3">540</nuclear>
					
					<fluid_change_rate units="1/min">0.05</fluid_change_rate>
					<cytoplasmic_biomass_change_rate units="1/min">0.0045</cytoplasmic_biomass_change_rate>
					<nuclear_biomass_change_rate units="1/min">0.0055</nuclear_biomass_change_rate>
					
					<calcified_fraction units="dimensionless">0</calcified_fraction>
					<calcification_rate units="1/min">0</calcification_rate>
					
					<relative_rupture_volume units="dimensionless">2.0</relative_rupture_volume>
				</volume> 				
				
				<mechanics> 
					<cell_cell_adhesion_strength units="micron/min">0.4</cell_cell_adhesion_strength>
					<cell_cell_repulsion_strength units="micron/min">10.0</cell_cell_repulsion_strength>
					<relative_maximum_adhesion_distance units="dimensionless">1.25</relative_maximum_adhesion_distance>
					
					<options>
						<set_relative_equilibrium_distance enabled="false" units="dimensionless">1.8</set_relative_equilibrium_distance>
						<set_absolute_equilibrium_distance enabled="false" units="micron">15.12</set_absolute_equilibrium_distance>
					</options>
				</mechanics>
				
				<motility>  
					<speed units="micron/min">1</speed>
					<persistence_time units="min">1</persistence_time>
					<migration_bias units="dimensionless">.5</migration_bias>
					
					<options>
						<enabled>false</enabled>
						<use_2D>true</use_2D>
						<chemotaxis>
							<enabled>false</enabled>
							<substrate>oxygen</substrate>
							<direction>1</direction>
						</chemotaxis>
					</options>
				</motility>
				
				<secretion>
					<substrate name="oxygen">
						<secretion_rate units="1/min">0</secretion_rate>
						<secretion_target units="substrate density">38</secretion_target>
						<uptake_rate units="1/min">0</uptake_rate>
						<net_export_rate units="total substrate/min">0</net_export_rate> 
					</substrate> 
					
					<substrate name="chemoattractant">
						<secretion_rate units="1/min">10</secretion_rate>
						<secretion_target units="substrate density">1</secretion_target>
						<uptake_rate units="1/min">0</uptake_rate>
						<net_export_rate units="total substrate/min">0</net_export_rate> 
					</substrate> 

					<substrate name="therapeutic">
						<secretion_rate units="1/min">0</secretion_rate>
						<secretion_target units="substrate density">1</secretion_target>
						<uptake_rate units="1/min">0</uptake_rate>
						<net_export_rate units="total substrate/min">0</net_export_rate> 
					</substrate> 
				</secretion>

				<molecular />
			</phenotype>
			<custom_data>  
				<receptor units="dimensionless">1.0</receptor>
				<cargo_release_o2_threshold units="mmHg">10</cargo_release_o2_threshold>
				<damage_rate units="1/min">0.03333</damage_rate>
				<repair_rate units="1/min">0.004167</repair_rate>
				<drug_death_rate units="1/min">0.004167</drug_death_rate>
				<damage units="dimensionless">0.0</damage> 
			</custom_data>
		</cell_definition>
		
		<cell_definition name="worker cell" ID="2" visible="true">
			<phenotype>
				<cycle code="5" name="live">  
					<phase_transition_rates units="1/min"> 
						<rate start_index="0" end_index="0" fixed_duration="false">0.0</rate>
					</phase_transition_rates>
				</cycle>
				
				<death>  
					<model code="100" name="apoptosis"> 
						<death_rate units="1/min">0</death_rate>
						<phase_durations units="min">
							<duration index="0" fixed_duration="true">516</duration>
						</phase_durations>
						<parameters>
							<unlysed_fluid_change_rate units="1/min">0.05</unlysed_fluid_change_rate>
							<lysed_fluid_change_rate units="1/min">0</lysed_fluid_change_rate>
							<cytoplasmic_biomass_change_rate units="1/min">1.66667e-02</cytoplasmic_biomass_change_rate>
							<nuclear_biomass_change_rate units="1/min">5.83333e-03</nuclear_biomass_change_rate>
							<calcification_rate units="1/min">0</calcification_rate>
							<relative_rupture_volume units="dimensionless">2.0</relative_rupture_volume>
						</parameters>
					</model> 

					<model code="101" name="necrosis">
						<death_rate units="1/min">0.0</death_rate>
						<phase_durations units="min">
							<duration index="0" fixed_duration="true">0</duration>
							<duration index="1" fixed_duration="true">86400</duration>
						</phase_durations>
						
						<parameters>
							<unlysed_fluid_change_rate units="1/min">0.05</unlysed_fluid_change_rate>
							<lysed_fluid_change_rate units="1/min">0</lysed_fluid_change_rate>
							<cytoplasmic_biomass_change_rate units="1/min">1.66667e-02</cytoplasmic_biomass_change_rate>
							<nuclear_biomass_change_rate units="1/min">5.83333e-03</nuclear_biomass_change_rate>
							<calcification_rate units="1/min">0</calcification_rate>
							<relative_rupture_volume units="dimensionless">2.0</relative_rupture_volume>
						</parameters>
					</model> 
				</death>					

				<volume>  
					<total units="micron^3">2494</total>
					<fluid_fraction units="dimensionless">0.75</fluid_fraction>
					<nuclear units="micron^3">540</nuclear>
					
					<fluid_change_rate units="1/min">0.05</fluid_change_rate>
					<cytoplasmic_biomass_change_rate units="1/min">0.0045</cytoplasmic_biomass_change_rate>
					<nuclear_biomass_change_rate units="1/min">0.0055</nuclear_biomass_change_rate>
					
					<calcified_fraction units="dimensionless">0</calcified_fraction>
					<calcification_rate units="1/min">0</calcification_rate>
					
					<relative_rupture_volume units="dimensionless">2.0</relative_rupture_volume>
				</volume> 				
				
				<mechanics> 
					<cell_cell_adhesion_strength units="micron/min">0.4</cell_cell_adhesion_strength>
					<cell_cell_repulsion_strength units="micron/min">10.0</cell_cell_repulsion_strength>
					<relative_maximum_adhesion_distance units="dimensionless">1.25</relative_maximum_adhesion_distance>
					
					<options>
						<set_relative_equilibrium_distance enabled="false" units="dimensionless">1.8</set_relative_equilibrium_distance>
						<set_absolute_equilibrium_distance enabled="false" units="micron">15.12</set_absolute_equilibrium_distance>
					</options>
				</mechanics>
				
				<motility>  
					<speed units="micron/min">2</speed>
					<persistence_time units="min">5</persistence_time>
					<migration_bias units="dimensionless">0.5</migration_bias>
					
					<options>
						<enabled>true</enabled>
						<use_2D>true</use_2D>
						<chemotaxis>
							<enabled>false</enabled>
							<substrate>oxygen</substrate>
							<direction>1</direction>
						</chemotaxis>
					</options>
				</motility>
				
				<secretion>
					<substrate name="oxygen">
						<secretion_rate units="1/min">0</secretion_rate>
						<secretion_target units="substrate density">38</secretion_target>
						<uptake_rate units="1/min">0</uptake_rate>
						<net_export_rate units="total substrate/min">0</net_export_rate> 
					</substrate> 
					
					<substrate name="chemoattractant">
						<secretion_rate units="1/min">0</secretion_rate>
						<secretion_target units="substrate density">1</secretion_target>
						<uptake_rate units="1/min">0</uptake_rate>
						<net_export_rate units="total substrate/min">0</net_export_rate> 
					</substrate> 

					<substrate name="therapeutic">
						<secretion_rate units="1/min">0</secretion_rate>
						<secretion_target units="substrate density">1</secretion_target>
						<uptake_rate units="1/min">0</uptake_rate>
						<net_export_rate units="total substrate/min">0</net_export_rate> 
					</substrate> 
				</secretion>

				<molecular />
			</phenotype>
			<custom_data>  
				<receptor units="dimensionless">0.0</receptor>
				<cargo_release_o2_threshold units="mmHg">10</cargo_release_o2_threshold>
				<damage_rate units="1/min">0.03333</damage_rate>
				<repair_rate units="1/min">0.004167</repair_rate>
				<drug_death_rate units="1/min">0.004167</drug_death_rate>
				<damage units="dimensionless">0.0</damage> 
			</custom_data>
		</cell_definition>
		
		</cell_definitions>	
	
	<initial_conditions>
		<cell_positions type="csv" enabled="false">
			<folder>./config</folder>
			<filename>cells.csv</filename>
		</cell_positions>
	</initial_conditions>		
	
	<user_parameters>
		<random_seed type="int" units="dimensionless">0</random_seed> 
		 
		<therapy_activation_time type="double" units="min">10080</therapy_activation_time>
			 
		<save_interval_after_therapy_start type="double" units="min">3</save_interval_after_therapy_start>
		 
		<cargo_o2_relative_uptake type="double" units="dimensionless">0.1</cargo_o2_relative_uptake>
		<cargo_relative_adhesion type="double" units="dimensionless">0</cargo_relative_adhesion>
		<cargo_relative_repulsion type="double" units="dimensionless">5</cargo_relative_repulsion> 
		 
		<worker_o2_relative_uptake type="double" units="1/min">0.1</worker_o2_relative_uptake>
		<worker_relative_adhesion type="double" units="dimensionless">0</worker_relative_adhesion>
		<worker_relative_repulsion type="double" units="dimensionless">5</worker_relative_repulsion> 
		
		<elastic_coefficient type="double" units="1/min">0.05</elastic_coefficient>		
		
		<max_relative_cell_adhesion_distance type="double" units="dimensionless">1.25</max_relative_cell_adhesion_distance>
		 
		<worker_fraction type="double" units="dimensionless">0.10</worker_fraction>
		<number_of_injected_cells type="int" units="dimensionless">500</number_of_injected_cells>
		
		<tumor_radius type="double" units="micron">200</tumor_radius> 
		 
		<max_elastic_displacement type="double" units="micron">50.0</max_elastic_displacement>
		 
		<attachment_receptor_threshold type="double" units="dimensionless">0.1</attachment_receptor_threshold>
		<max_attachment_distance type="double" units="micron">18.0</max_attachment_distance>
		<min_attachment_distance type="double" units="micron">14.0</min_attachment_distance>
		
		<motility_shutdown_detection_threshold type="double" units="dimensionless">0.001</motility_shutdown_detection_threshold>
			
		<attached_worker_migration_bias type="double" units="dimensionless">0.5</attached_worker_migration_bias>
		<unattached_worker_migration_bias type="double" units="dimensionless">0.5</unattached_worker_migration_bias>
	</user_parameters>
	
</PhysiCell_settings>